"region_a","region_b","weight","total_streams_a"
"nl","in",1007,1238457931
"vn","cl",50,183269158
"ec","cr",5377,258948980
"cl","at",58,1569157590
"za","ch",2928,82232947
"pl","lt",1108,778042542
"nz","fi",1941,238911758
"nl","cz",2300,1238457931
"no","au",3051,569319503
"se","hk",791,944441421
"hu","do",75,106950270
"dk","bg",2233,420215977
"py","il",51,286041437
"sg","fi",1515,233681017
"tr","be",368,1249971688
"do","bo",3890,107506637
"bg","ar",79,25808515
"no","ie",3020,569319503
"il","ar",103,114722000
"sv","hu",271,104100002
"se","is",1833,944441421
"sk","lv",3264,59822451
"gb","ch",3351,2239079359
"de","br",102,2848080355
"nz","hu",2719,238911758
"ni","is",230,39326273
"vn","nl",466,183269158
"sk","cr",323,59822451
"lv","be",3865,26516393
"cr","at",320,169967588
"gr","be",1319,160374254
"pl","id",172,778042542
"sg","hu",2031,233681017
"no","de",1909,569319503
"ph","jp",477,1335593544
"pl","at",916,778042542
"tw","it",120,235686855
"nl","gr",838,1238457931
"no","lu",230,569319503
"tw","ph",1275,235686855
"jp","ee",95,1288700883
"hk","do",75,110866207
"global","br",227,29060235997
"uy","do",3241,121078533
"no","global",2918,569319503
"ni","hk",189,39326273
"sv","fi",230,104100002
"ph","il",557,1335593544
"gt","global",1039,211651568
"in","ch",1202,1196976949
"za","th",366,82232947
"lu","ar",7,1665635
"jp","in",432,1288700883
"dk","cl",33,420215977
"co","ch",196,553597716
"sg","gb",2363,233681017
"ec","ca",192,258948980
"lt","at",2630,36780208
"hk","ch",1052,110866207
"is","id",383,36469203
"nz","gb",3598,238911758
"uy","ch",223,121078533
"vn","sk",384,183269158
"in","do",38,1196976949
"ro","hk",1107,66480910
"tw","sg",2069,235686855
"vn","es",60,183269158
"ca","be",3346,1244580639
"no","fr",1059,569319503
"sk","ca",2792,59822451
"sv","gb",257,104100002
"hu","ch",3710,106950270
"lt","global",3745,36780208
"sg","br",213,233681017
"nl","ee",2421,1238457931
"my","it",292,296407407
"ro","is",2556,66480910
"fi","be",2343,292593197
"ee","bo",194,26079298
"nz","br",154,238911758
"jp","gr",10,1288700883
"uy","th",11,121078533
"nl","ni",278,1238457931
"vn","dk",410,183269158
"za","do",76,82232947
"gb","do",75,2239079359
"lt","id",539,36780208
"is","at",2139,36469203
"jp","cz",100,1288700883
"no","hn",269,569319503
"pa","be",187,103847109
"vn","bg",486,183269158
"sv","br",49,104100002
"fi","ec",152,292593197
"id","global",1089,1522282447
"it","ca",409,2125984974
"py","hu",49,286041437
"cl","au",58,1569157590
"sv","jp",72,104100002
"hu","gr",1353,106950270
"gt","br",42,211651568
"mx","is",441,3730515231
"gb","ee",3184,2239079359
"pl","de",709,778042542
"lt","hn",314,36780208
"my","lv",1673,296407407
"hk","cz",1037,110866207
"uy","cz",107,121078533
"no","id",431,569319503
"pe","is",205,709049813
"pa","co",4438,103847109
"cr","au",321,169967588
"pl","ie",1004,778042542
"fi","co",70,292593197
"nz","jp",85,238911758
"hk","gr",502,110866207
"br","bg",191,4201011223
"us","hk",1199,7986316247
"pt","is",1833,196362474
"uy","gr",73,121078533
"uy","nz",86,121078533
"sk","sg",1755,59822451
"pa","no",134,103847109
"lu","bo",15,1665635
"za","ee",2712,82232947
"tw","ca",994,235686855
"my","cr",335,296407407
"fr","cr",402,1747249125
"is","fr",993,36469203
"hn","hk",229,80897137
"nl","do",127,1238457931
"sg","jp",399,233681017
"tr","gt",63,1249971688
"hu","cz",3949,106950270
"ph","hu",835,1335593544
"ie","ca",3848,301787717
"pa","ec",4781,103847109
"za","ni",266,82232947
"lt","fr",1184,36780208
"nz","il",1832,238911758
"gt","gb",199,211651568
"pl","au",863,778042542
"cz","cr",329,133732925
"py","fi",23,286041437
"us","is",2433,7986316247
"pt","hk",865,196362474
"sg","il",1482,233681017
"no","lt",2694,569319503
"pl","lu",105,778042542
"jp","ch",83,1288700883
"is","hn",259,36469203
"no","at",2588,569319503
"sv","il",264,104100002
"ph","fi",530,1335593544
"pe","hk",217,709049813
"in","ee",1131,1196976949
"do","ar",2827,107506637
"uy","in",11,121078533
"il","bo",209,114722000
"vn","pe",200,183269158
"tr","pt",288,1249971688
"mx","hk",282,3730515231
"lv","gt",215,26516393
"za","pa",134,82232947
"ee","ar",41,26079298
"tw","cr",175,235686855
"gb","cz",2768,2239079359
"my","ca",2018,296407407
"fr","ca",1195,1747249125
"hk","ee",1075,110866207
"jp","do",1,1288700883
"is","global",2740,36469203
"uy","ee",51,121078533
"tr","no",286,1249971688
"gt","fi",170,211651568
"ie","cr",318,301787717
"za","nz",3244,82232947
"za","gr",1327,82232947
"th","is",214,373758083
"is","de",1603,36469203
"py","gb",49,286041437
"uy","ni",3175,121078533
"tr","ec",79,1249971688
"pa","gt",4671,103847109
"tw","lv",588,235686855
"lt","au",3449,36780208
"is","ie",2692,36469203
"global","do",867,29060235997
"ph","gb",1132,1335593544
"hu","ee",3293,106950270
"pl","fr",436,778042542
"it","cr",194,2125984974
"ch","br",162,227284570
"tr","co",76,1249971688
"za","cz",2499,82232947
"gr","ec",147,160374254
"id","hk",1208,1522282447
"tw","tr",79,235686855
"in","gr",509,1196976949
"lt","ie",3503,36780208
"is","au",2709,36469203
"py","br",73,286041437
"nl","ch",2937,1238457931
"uy","pa",3742,121078533
"lv","ec",198,26516393
"za","in",1145,82232947
"lt","de",2019,36780208
"gr","co",80,160374254
"pl","hn",163,778042542
"th","hk",875,373758083
"cz","ca",2775,133732925
"ph","br",137,1335593544
"sk","it",507,59822451
"sk","ph",696,59822451
"lv","co",117,26516393
"in","cz",1195,1196976949
"de","ch",3530,2848080355
"pl","cr",209,778042542
"gb","br",183,2239079359
"it","fr",392,2125984974
"cz","au",3008,133732925
"us","pl",691,7986316247
"ph","in",1231,1335593544
"my","ie",1796,296407407
"hk","fi",791,110866207
"uy","fi",41,121078533
"tr","dk",221,1249971688
"sv","do",4537,104100002
"gt","ee",183,211651568
"sk","id",436,59822451
"za","vn",584,82232947
"my","de",796,296407407
"pl","lv",1080,778042542
"fr","de",937,1747249125
"us","mx",514,7986316247
"sg","do",75,233681017
"nl","jp",77,1238457931
"lv","es",85,26516393
"tw","fr",316,235686855
"gr","es",81,160374254
"is","ca",2976,36469203
"nz","do",75,238911758
"dk","be",2631,420215977
"tr","bg",356,1249971688
"ie","fr",1151,301787717
"hu","fi",2307,106950270
"za","br",191,82232947
"in","gb",1092,1196976949
"gr","dk",997,160374254
"lt","ca",3276,36780208
"nl","il",1460,1238457931
"uy","hu",107,121078533
"ni","my",273,39326273
"id","bo",136,1522282447
"my","lu",114,296407407
"it","hn",179,2125984974
"py","cz",49,286041437
"pt","mx",702,196362474
"tr","sk",366,1249971688
"ec","at",185,258948980
"sk","lt",3249,59822451
"ph","nz",1613,1335593544
"ph","gr",211,1335593544
"pa","cl",4684,103847109
"lv","dk",2600,26516393
"tw","hn",177,235686855
"tw","sv",176,235686855
"fi","cl",26,292593197
"my","au",2318,296407407
"ro","ar",72,66480910
"gr","bg",1577,160374254
"fr","au",1179,1747249125
"py","gr",45,286041437
"py","nz",49,286041437
"tr","es",59,1249971688
"se","my",947,944441421
"sk","at",2700,59822451
"ie","hn",269,301787717
"ph","cz",812,1335593544
"pe","mx",4403,709049813
"pa","nl",193,103847109
"th","bo",67,373758083
"pt","pl",699,196362474
"lv","bg",3886,26516393
"in","br",58,1196976949
"za","gb",3178,82232947
"gb","fi",2077,2239079359
"fi","dk",1967,292593197
"my","fr",584,296407407
"is","cr",298,36469203
"us","tw",620,7986316247
"es","ar",2722,2478566814
"co","br",53,553597716
"vn","be",478,183269158
"gt","cz",205,211651568
"ro","my",1663,66480910
"tw","de",457,235686855
"hk","br",172,110866207
"global","gb",3827,29060235997
"it","ie",472,2125984974
"py","pa",4531,286041437
"uy","br",59,121078533
"ie","de",1992,301787717
"se","ar",67,944441421
"pa","bg",145,103847109
"tw","ie",828,235686855
"fi","bg",2217,292593197
"gr","cl",53,160374254
"it","de",454,2125984974
"hn","bo",4671,80897137
"ph","pa",80,1335593544
"sk","ro",3182,59822451
"in","hu",1225,1196976949
"cr","ca",324,169967588
"ca","bg",3526,1244580639
"th","pl",56,373758083
"py","ee",33,286041437
"pt","bo",505,196362474
"sg","ch",1976,233681017
"tr","nl",282,1249971688
"pa","es",3236,103847109
"lu","is",211,1665635
"tw","py",49,235686855
"pl","ca",900,778042542
"us","bo",310,7986316247
"ni","ar",3017,39326273
"gt","gr",130,211651568
"hu","br",222,106950270
"pa","dk",124,103847109
"lv","cl",51,26516393
"lu","hk",98,1665635
"za","fi",1781,82232947
"tw","au",950,235686855
"tw","se",582,235686855
"my","hn",274,296407407
"hk","gb",1340,110866207
"nz","ch",2942,238911758
"py","ni",4279,286041437
"uy","gb",102,121078533
"ie","au",4408,301787717
"tw","lu",48,235686855
"th","mx",112,373758083
"it","au",442,2125984974
"il","hk",890,114722000
"no","it",475,569319503
"cl","ca",58,1569157590
"mx","bo",4789,3730515231
"ph","ni",132,1335593544
"za","hu",3053,82232947
"fi","es",63,292593197
"lt","cr",356,36780208
"jp","il",88,1288700883
"tr","cl",56,1249971688
"sv","ch",363,104100002
"hu","gb",3285,106950270
"ph","ee",727,1335593544
"pe","bo",5342,709049813
"in","fi",883,1196976949
"id","ar",65,1522282447
"bo","ar",3914,121960058
"nl","hu",2611,1238457931
"uy","il",107,121078533
"no","cr",323,569319503
"ph","do",51,1335593544
"gt","ch",324,211651568
"tw","ro",672,235686855
"my","id",3322,296407407
"jp","gb",81,1288700883
"th","ar",3,373758083
"sg","in",1755,233681017
"ec","de",161,258948980
"no","lv",2815,569319503
"sk","ie",2861,59822451
"lt","it",544,36780208
"us","my",1695,7986316247
"sk","de",2026,59822451
"sv","in",204,104100002
"ro","bo",267,66480910
"nz","in",1369,238911758
"cz","at",2723,133732925
"py","do",4367,286041437
"sk","py",49,59822451
"sg","cz",1953,233681017
"vn","no",395,183269158
"sv","nz",260,104100002
"sv","gr",170,104100002
"za","us",3451,82232947
"my","lt",1637,296407407
"nz","gr",1128,238911758
"jp","br",2,1288700883
"pt","my",1520,196362474
"ec","au",183,258948980
"sk","lu",297,59822451
"my","at",1152,296407407
"fr","at",1131,1747249125
"nz","cz",2444,238911758
"br","be",197,4201011223
"nl","fi",1757,1238457931
"vn","ec",89,183269158
"sk","au",2781,59822451
"sk","se",1832,59822451
"se","mx",396,944441421
"pe","my",306,709049813
"ro","pl",945,66480910
"de","cz",1973,2848080355
"sg","pa",132,233681017
"sg","gr",745,233681017
"sg","nz",2847,233681017
"ni","mx",4718,39326273
"vn","global",1029,183269158
"vn","co",98,183269158
"se","pl",711,944441421
"sv","cz",269,104100002
"tw","id",923,235686855
"nl","gb",2733,1238457931
"pt","ar",344,196362474
"ie","id",506,301787717
"ro","mx",531,66480910
"it","id",192,2125984974
"pe","ar",3952,709049813
"za","il",2024,82232947
"jp","hu",104,1288700883
"tr","pe",94,1249971688
"vn","pt",414,183269158
"no","ca",2982,569319503
"sv","pa",4732,104100002
"mx","ar",3079,3730515231
"sk","fr",1125,59822451
"nz","ee",2941,238911758
"dk","co",74,420215977
"sg","ni",274,233681017
"se","bo",207,944441421
"za","jp",94,82232947
"tw","lt",745,235686855
"nz","ni",250,238911758
"th","my",1339,373758083
"it","at",508,2125984974
"es","bo",2835,2478566814
"py","ch",151,286041437
"nl","br",150,1238457931
"sg","ee",2040,233681017
"pl","it",345,778042542
"tw","at",582,235686855
"gr","global",1328,160374254
"jp","fi",85,1288700883
"us","ar",104,7986316247
"uy","us",116,121078533
"ni","global",1118,39326273
"ni","bo",4626,39326273
"sv","ee",248,104100002
"ph","ch",781,1335593544
"sk","hn",274,59822451
"ie","at",2606,301787717
"gt","do",4367,211651568
"in","il",1022,1196976949
"pl","ph",221,778042542
"hn","ar",3005,80897137
"vn","gt",122,183269158
"sv","ni",5653,104100002
"my","mx",429,296407407
"gr","gb",1197,160374254
"gb","dk",2902,2239079359
"us","de",1398,7986316247
"pt","lu",226,196362474
"se","at",1980,944441421
"sk","my",1304,59822451
"pe","au",222,709049813
"in","es",18,1196976949
"gb","bg",3047,2239079359
"tw","bo",126,235686855
"global","be",3732,29060235997
"us","py",110,7986316247
"ni","at",245,39326273
"ie","bo",206,301787717
"mx","lu",39,3730515231
"id","hn",135,1522282447
"it","bo",156,2125984974
"hn","de",223,80897137
"es","at",86,2478566814
"ni","lt",313,39326273
"tr","br",77,1249971688
"mx","au",442,3730515231
"lv","gb",3614,26516393
"za","bg",3317,82232947
"pl","hk",407,778042542
"th","hn",115,373758083
"th","sv",114,373758083
"us","ie",3156,7986316247
"pt","au",2735,196362474
"vn","do",61,183269158
"se","lt",1990,944441421
"pe","lu",21,709049813
"pa","fi",119,103847109
"za","dk",2244,82232947
"lu","ca",310,1665635
"pl","is",838,778042542
"id","fr",243,1522282447
"gr","br",112,160374254
"us","au",3603,7986316247
"us","se",1573,7986316247
"py","no",49,286041437
"pt","ie",2369,196362474
"uy","nl",132,121078533
"ph","co",57,1335593544
"pe","de",164,709049813
"za","es",83,82232947
"de","be",2312,2848080355
"hn","au",269,80897137
"py","ec",4721,286041437
"tr","gb",292,1249971688
"ni","id",156,39326273
"hu","cl",58,106950270
"mx","de",308,3730515231
"lv","br",166,26516393
"in","bg",1227,1196976949
"hk","global",1780,110866207
"th","fr",142,373758083
"dk","ch",2757,420215977
"co","cl",4369,553597716
"il","ca",2110,114722000
"ph","ec",52,1335593544
"mx","ie",438,3730515231
"pa","hu",140,103847109
"gb","es",83,2239079359
"global","fr",1390,29060235997
"hk","cl",58,110866207
"us","lu",253,7986316247
"py","co",4394,286041437
"pt","de",1457,196362474
"uy","cl",3855,121078533
"se","id",347,944441421
"ph","no",778,1335593544
"pe","ie",220,709049813
"za","sk",2413,82232947
"in","dk",943,1196976949
"id","au",808,1522282447
"us","fr",965,7986316247
"bo","au",207,121960058
"co","bg",111,553597716
"mx","hn",4752,3730515231
"gt","co",4798,211651568
"sv","be",312,104100002
"my","bo",245,296407407
"tw","pl",227,235686855
"hk","dk",997,110866207
"fr","bo",324,1747249125
"uy","dk",49,121078533
"sg","be",2278,233681017
"vn","th",1163,183269158
"tr","fi",272,1249971688
"hu","bg",3561,106950270
"fi","br",109,292593197
"ro","id",595,66480910
"nz","be",3141,238911758
"th","au",315,373758083
"th","se",189,373758083
"pt","hn",540,196362474
"gt","ec",5294,211651568
"lv","hu",3823,26516393
"pa","global",960,103847109
"lu","cr",28,1665635
"ro","lt",3731,66480910
"gr","fi",1004,160374254
"lt","hk",1265,36780208
"th","de",174,373758083
"tr","hu",390,1249971688
"ec","ar",3567,258948980
"se","ro",1824,944441421
"ph","gt",72,1335593544
"hu","es",86,106950270
"lt","is",2681,36780208
"tw","mx",213,235686855
"th","lu",22,373758083
"hk","bg",1103,110866207
"is","hk",1041,36469203
"hn","fr",336,80897137
"py","pt",321,286041437
"uy","bg",89,121078533
"hu","dk",2423,106950270
"pa","br",42,103847109
"pe","hn",4346,709049813
"jp","global",279,1288700883
"uy","sk",90,121078533
"pt","fr",1300,196362474
"vn","ch",388,183269158
"il","cr",325,114722000
"lv","fi",2448,26516393
"za","cl",58,82232947
"id","de",331,1522282447
"gb","cl",58,2239079359
"ca","br",185,1244580639
"hk","es",68,110866207
"uy","es",3091,121078533
"pe","fr",307,709049813
"za","nl",2102,82232947
"pl","global",966,778042542
"ro","at",2621,66480910
"th","ie",262,373758083
"us","hn",363,7986316247
"us","sv",359,7986316247
"py","gt",4647,286041437
"cz","bo",213,133732925
"sk","ar",85,59822451
"mx","fr",444,3730515231
"pa","gb",133,103847109
"us","id",536,7986316247
"pt","at",2048,196362474
"se","lu",161,944441421
"pe","lt",279,709049813
"jp","es",3,1288700883
"ni","au",247,39326273
"se","global",2061,944441421
"mx","lt",528,3730515231
"sk","pl",981,59822451
"ro","fr",1234,66480910
"es","au",82,2478566814
"ni","lu",32,39326273
"mx","at",411,3730515231
"pa","il",139,103847109
"do","ca",76,107506637
"pt","lt",2586,196362474
"uy","pe",4173,121078533
"nl","cl",123,1238457931
"no","hk",1075,569319503
"vn","in",897,183269158
"sk","mx",474,59822451
"se","au",2128,944441421
"pe","at",214,709049813
"nz","no",2670,238911758
"global","dk",2736,29060235997
"jp","bg",108,1288700883
"it","global",502,2125984974
"it","ar",73,2125984974
"us","lt",2714,7986316247
"sg","ec",199,233681017
"no","is",2632,569319503
"se","ie",2123,944441421
"pa","jp",48,103847109
"pe","id",214,709049813
"nz","ec",183,238911758
"sg","no",1941,233681017
"ni","de",186,39326273
"vn","cz",459,183269158
"mx","id",170,3730515231
"gt","be",251,211651568
"se","py",49,944441421
"sv","co",4794,104100002
"global","cr",1184,29060235997
"jp","dk",82,1288700883
"hn","at",274,80897137
"es","de",83,2478566814
"sg","co",118,233681017
"ni","ie",240,39326273
"vn","nz",744,183269158
"vn","gr",152,183269158
"sv","no",257,104100002
"lu","it",56,1665635
"ee","cr",298,26079298
"tw","ar",84,235686855
"ro","hn",316,66480910
"nz","co",99,238911758
"th","ro",344,373758083
"us","at",1965,7986316247
"pt","id",605,196362474
"sv","ec",5327,104100002
"se","de",1620,944441421
"ie","ar",66,301787717
"ro","de",1866,66480910
"tw","my",1492,235686855
"do","cr",4348,107506637
"th","lt",282,373758083
"py","be",99,286041437
"tr","il",345,1249971688
"se","hn",269,944441421
"de","co",91,2848080355
"ro","py",49,66480910
"cz","ar",103,133732925
"nl","es",127,1238457931
"sg","pt",1766,233681017
"ni","hn",5695,39326273
"sk","bo",209,59822451
"lv","jp",98,26516393
"id","at",409,1522282447
"bo","at",211,121960058
"ec","bo",5498,258948980
"vn","pa",110,183269158
"sv","pt",541,104100002
"za","pe",228,82232947
"ro","ie",3041,66480910
"th","at",208,373758083
"us","ro",3180,7986316247
"ph","be",997,1335593544
"in","global",1812,1196976949
"ee","ca",3194,26079298
"ro","au",3177,66480910
"my","ar",84,296407407
"fr","ar",178,1747249125
"th","id",1084,373758083
"vn","ee",446,183269158
"lv","il",2173,26516393
"global","ca",4591,29060235997
"nl","dk",2232,1238457931
"vn","ni",165,183269158
"se","fr",889,944441421
"sv","gt",5987,104100002
"dk","cz",2147,420215977
"ch","be",4271,227284570
"sg","gt",210,233681017
"tr","jp",10,1249971688
"ro","lu",331,66480910
"nz","gt",201,238911758
"nl","bg",2001,1238457931
"ni","fr",323,39326273
"pl","my",525,778042542
"lt","ar",75,36780208
"nz","nl",2470,238911758
"vn","hu",435,183269158
"sg","nl",1787,233681017
"tr","ch",403,1249971688
"sv","cl",4629,104100002
"ee","au",3262,26079298
"de","bg",1729,2848080355
"ro","ca",3614,66480910
"th","ph",1215,373758083
"sg","cl",58,233681017
"sv","nl",295,104100002
"in","be",1309,1196976949
"nz","cl",58,238911758
"th","it",66,373758083
"us","sg",2231,7986316247
"no","mx",469,569319503
"sk","hk",926,59822451
"gr","ch",1378,160374254
"jp","gt",52,1288700883
"ni","cr",5230,39326273
"se","lv",1912,944441421
"sk","is",2126,59822451
"ph","pe",169,1335593544
"gb","be",3554,2239079359
"global","bg",3595,29060235997
"nl","ec",245,1238457931
"tr","th",15,1249971688
"vn","fi",283,183269158
"ie","global",3752,301787717
"lv","ch",3670,26516393
"pa","do",4805,103847109
"ee","de",2020,26079298
"fi","do",63,292593197
"dk","br",123,420215977
"ni","lv",285,39326273
"se","cr",305,944441421
"za","be",3030,82232947
"is","ar",57,36469203
"py","pe",4590,286041437
"es","cr",2963,2478566814
"nl","co",145,1238457931
"cr","ar",3630,169967588
"fi","ch",2301,292593197
"pt","it",454,196362474
"sv","es",2695,104100002
"do","de",71,107506637
"ro","cr",351,66480910
"pt","ph",794,196362474
"vn","gb",578,183269158
"lu","id",26,1665635
"gr","do",52,160374254
"nz","es",82,238911758
"no","bo",207,569319503
"cl","ar",3438,1569157590
"mx","it",205,3730515231
"ro","lv",4217,66480910
"sg","es",83,233681017
"bg","at",2450,25808515
"il","at",1689,114722000
"sv","sk",264,104100002
"lv","do",96,26516393
"pe","it",138,709049813
"pa","ch",255,103847109
"jp","co",18,1288700883
"hk","be",1196,110866207
"es","ca",84,2478566814
"sg","dk",1812,233681017
"uy","be",149,121078533
"il","id",347,114722000
"do","au",75,107506637
"nz","dk",2549,238911758
"co","be",132,553597716
"vn","br",105,183269158
"sv","bg",276,104100002
"se","ca",2034,944441421
"lu","lt",317,1665635
"de","cl",56,2848080355
"jp","ec",18,1288700883
"us","ph",1163,7986316247
"sg","bg",1923,233681017
"hu","be",4014,106950270
"lu","at",265,1665635
"pl","ar",44,778042542
"th","sg",1315,373758083
"nz","bg",2829,238911758
"us","it",320,7986316247
"nl","gt",244,1238457931
"ni","ca",255,39326273
"tr","do",25,1249971688
"sv","dk",231,104100002
"my","hk",2183,296407407
"fi","cz",2124,292593197
"hn","cr",5121,80897137
"py","nl",116,286041437
"uy","no",100,121078533
"no","my",1504,569319503
"tr","ee",314,1249971688
"tr","global",379,1249971688
"gt","dk",176,211651568
"pa","gr",90,103847109
"pa","nz",134,103847109
"ee","at",2671,26079298
"hk","ec",149,110866207
"us","cr",405,7986316247
"uy","ec",3911,121078533
"tr","ni",87,1249971688
"hu","co",106,106950270
"za","gt",201,82232947
"is","bo",197,36469203
"vn","jp",516,183269158
"gt","bg",208,211651568
"id","ca",655,1522282447
"pt","lv",2751,196362474
"vn","il",351,183269158
"mx","cr",4875,3730515231
"lv","ee",4187,26516393
"pl","mx",294,778042542
"hk","co",107,110866207
"jp","be",91,1288700883
"us","lv",3330,7986316247
"py","cl",4906,286041437
"uy","co",3683,121078533
"il","hn",270,114722000
"ph","nl",926,1335593544
"hu","ec",186,106950270
"pa","cz",135,103847109
"lu","fr",108,1665635
"lt","bo",261,36780208
"gr","ee",1369,160374254
"us","tr",164,7986316247
"tr","pa",42,1249971688
"sv","pe",4699,104100002
"pa","in",108,103847109
"pe","cr",4981,709049813
"za","pt",2483,82232947
"in","gt",137,1196976949
"ro","it",548,66480910
"my","is",1268,296407407
"gt","es",2691,211651568
"pe","lv",245,709049813
"ro","ph",852,66480910
"th","ca",388,373758083
"sg","pe",307,233681017
"pt","cr",621,196362474
"il","fr",1102,114722000
"mx","lv",498,3730515231
"lu","hn",25,1665635
"fi","ee",2551,292593197
"ch","bg",3206,227284570
"tr","cz",392,1249971688
"hu","gt",204,106950270
"ph","es",19,1335593544
"se","ph",580,944441421
"lu","de",191,1665635
"za","co",111,82232947
"lu","global",319,1665635
"gb","co",101,2239079359
"pl","bo",158,778042542
"py","es",2983,286041437
"us","ca",4909,7986316247
"vn","us",510,183269158
"tr","nz",274,1249971688
"tr","gr",261,1249971688
"ni","it",155,39326273
"pa","ee",131,103847109
"za","no",2330,82232947
"lu","ie",321,1665635
"tw","hk",1908,235686855
"hk","gt",157,110866207
"hn","ca",277,80897137
"uy","gt",3492,121078533
"ie","hk",1350,301787717
"pa","ni",4546,103847109
"lv","in",1233,26516393
"za","ec",188,82232947
"gr","cz",1093,160374254
"tw","is",617,235686855
"il","de",1213,114722000
"ph","bg",748,1335593544
"gb","ec",183,2239079359
"it","hk",203,2125984974
"nl","be",3345,1238457931
"bg","au",3198,25808515
"il","au",1942,114722000
"se","it",448,944441421
"cr","bo",5292,169967588
"th","cr",103,373758083
"py","dk",29,286041437
"pt","ca",2719,196362474
"lv","cz",3286,26516393
"in","co",55,1196976949
"lu","au",297,1665635
"do","at",72,107506637
"gt","cl",4495,211651568
"ph","dk",769,1335593544
"pe","ca",242,709049813
"lv","gr",1503,26516393
"id","cr",168,1522282447
"th","global",658,373758083
"it","is",448,2125984974
"th","lv",261,373758083
"py","bg",47,286041437
"uy","pt",359,121078533
"cl","bo",4388,1569157590
"tr","in",201,1249971688
"no","ar",89,569319503
"il","ie",1770,114722000
"mx","ca",463,3730515231
"in","ec",137,1196976949
"id","co",94,1522282447
"th","ec",37,373758083
"is","hu",2330,36469203
"it","in",272,2125984974
"tr","is",249,1249971688
"cl","br",40,1569157590
"ph","fr",258,1335593544
"sv","ro",316,104100002
"gt","au",201,211651568
"pl","gb",955,778042542
"th","no",244,373758083
"pt","gt",497,196362474
"id","ec",99,1522282447
"lt","fi",2344,36780208
"cr","br",88,169967588
"th","co",48,373758083
"us","pt",2329,7986316247
"pe","gt",4693,709049813
"za","tr",294,82232947
"in","cr",205,1196976949
"tw","in",828,235686855
"de","at",4797,2848080355
"py","fr",160,286041437
"sg","ro",2043,233681017
"mx","gt",5099,3730515231
"lv","hk",1136,26516393
"lu","cl",9,1665635
"ni","be",300,39326273
"gt","de",160,211651568
"lv","is",2844,26516393
"za","lv",3333,82232947
"tw","nz",901,235686855
"tw","gr",207,235686855
"it","cz",538,2125984974
"py","hn",4541,286041437
"us","gt",292,7986316247
"nl","it",462,1238457931
"co","ca",112,553597716
"ec","ch",296,258948980
"il","cl",60,114722000
"se","be",2048,944441421
"ie","gr",1156,301787717
"za","cr",326,82232947
"my","ee",1504,296407407
"lt","hu",3863,36780208
"fr","ee",1188,1747249125
"hk","ca",1474,110866207
"hn","gt",5561,80897137
"es","be",111,2478566814
"uy","ca",106,121078533
"tr","hk",112,1249971688
"vn","ar",68,183269158
"gb","cr",323,2239079359
"tw","cz",660,235686855
"pl","br",82,778042542
"it","gr",280,2125984974
"is","fi",2107,36469203
"hu","ca",3250,106950270
"ph","hn",123,1335593544
"sk","ch",3217,59822451
"ie","cz",2768,301787717
"pl","hu",1064,778042542
"id","gt",122,1522282447
"my","in",1726,296407407
"sg","id",2669,233681017
"uy","tr",75,121078533
"ec","do",4336,258948980
"vn","my",1981,183269158
"il","dk",1506,114722000
"pe","ec",5186,709049813
"ro","be",3538,66480910
"tw","pa",110,235686855
"nz","id",975,238911758
"is","gb",2800,36469203
"py","de",52,286041437
"pt","co",369,196362474
"mx","ec",4859,3730515231
"ph","ie",1154,1335593544
"pe","no",215,709049813
"in","ca",1382,1196976949
"lt","br",196,36780208
"th","gt",72,373758083
"py","ie",49,286041437
"pt","no",2048,196362474
"il","bg",2163,114722000
"no","jp",82,569319503
"ph","de",463,1335593544
"pe","co",4492,709049813
"pa","is",131,103847109
"lu","es",14,1665635
"ch","au",3303,227284570
"pt","ec",470,196362474
"sv","global",1117,104100002
"sv","id",148,104100002
"mx","co",4471,3730515231
"sk","do",75,59822451
"tw","ee",631,235686855
"hk","cr",208,110866207
"dk","ar",39,420215977
"us","ec",276,7986316247
"uy","cr",3872,121078533
"sg","lt",2163,233681017
"no","il",1614,569319503
"ie","ee",3203,301787717
"sv","at",258,104100002
"pl","fi",761,778042542
"tw","ni",184,235686855
"my","gr",623,296407407
"jp","it",43,1288700883
"is","br",122,36469203
"nz","lt",2924,238911758
"py","au",49,286041437
"us","no",2299,7986316247
"hn","ec",5060,80897137
"ph","lu",73,1335593544
"pa","hk",117,103847109
"za","ca",3911,82232947
"lu","dk",229,1665635
"lt","gb",3420,36780208
"my","cz",1454,296407407
"gb","ca",3999,2239079359
"nz","at",2319,238911758
"global","au",4372,29060235997
"th","pt",299,373758083
"fr","cz",1129,1747249125
"py","lu",9,286041437
"us","co",195,7986316247
"uy","lv",66,121078533
"ph","au",1562,1335593544
"hu","cr",327,106950270
"gt","fr",302,211651568
"za","uy",107,82232947
"it","ee",511,2125984974
"br","bo",47,4201011223
"hn","co",4632,80897137
"sg","at",1663,233681017
"il","es",81,114722000
"sv","lt",314,104100002
"lu","bg",273,1665635
"ee","bg",3338,26079298
"de","au",1904,2848080355
"it","do",64,2125984974
"hn","be",320,80897137
"cz","ch",3268,133732925
"us","be",2508,7986316247
"vn","tw",1139,183269158
"no","gb",2910,569319503
"sv","fr",334,104100002
"se","gt",201,944441421
"sk","pa",140,59822451
"ee","dk",2511,26079298
"sg","fr",828,233681017
"uy","it",78,121078533
"vn","bo",118,183269158
"lt","il",2116,36780208
"tw","do",68,235686855
"do","cl",4839,107506637
"nz","fr",1209,238911758
"jp","cr",30,1288700883
"uy","ph",22,121078533
"nl","ca",2432,1238457931
"ni","gt",5571,39326273
"ie","do",75,301787717
"gt","at",204,211651568
"ro","ec",235,66480910
"is","il",1559,36469203
"sv","hn",5755,104100002
"sk","ee",2892,59822451
"mx","be",530,3730515231
"za","sg",2136,82232947
"ro","co",155,66480910
"my","ch",1427,296407407
"nz","hn",269,238911758
"fr","ch",1514,1747249125
"pt","be",2954,196362474
"lt","jp",119,36780208
"ro","no",2614,66480910
"no","br",146,569319503
"sk","ni",264,59822451
"se","pt",1462,944441421
"pe","be",271,709049813
"sg","hn",285,233681017
"my","do",74,296407407
"global","ec",1030,29060235997
"jp","ca",105,1288700883
"fr","do",159,1747249125
"ch","at",4457,227284570
"es","co",3016,2478566814
"sg","de",1248,233681017
"nl","cr",344,1238457931
"no","hu",2586,569319503
"sv","ie",257,104100002
"za","it",362,82232947
"tw","th",843,235686855
"nz","de",1697,238911758
"py","id",48,286041437
"dk","bo",181,420215977
"nl","global",2568,1238457931
"vn","pl",125,183269158
"ni","ec",4908,39326273
"sv","py",4695,104100002
"se","co",99,944441421
"za","ph",1059,82232947
"ro","pt",2787,66480910
"pl","jp",14,778042542
"nz","ie",3643,238911758
"es","ec",3067,2478566814
"br","ar",57,4201011223
"nl","lv",2480,1238457931
"sg","py",49,233681017
"ph","id",2351,1335593544
"se","no",2673,944441421
"pe","global",1114,709049813
"sg","ie",2372,233681017
"ni","co",4437,39326273
"vn","mx",158,183269158
"hu","global",3639,106950270
"se","ec",183,944441421
"sk","in",1126,59822451
"sv","de",208,104100002
"ee","cl",37,26079298
"pl","il",618,778042542
"sg","se",1356,233681017
"sg","au",2954,233681017
"sv","lu",18,104100002
"tw","ch",721,235686855
"do","dk",65,107506637
"global","cl",840,29060235997
"th","be",275,373758083
"global","at",2695,29060235997
"nz","au",4749,238911758
"py","lt",49,286041437
"no","fi",2335,569319503
"sk","cz",3809,59822451
"ie","ch",3229,301787717
"ph","at",594,1335593544
"ph","global",1794,1335593544
"ro","gt",237,66480910
"it","ch",577,2125984974
"nz","lu",257,238911758
"py","at",49,286041437
"uy","sg",107,121078533
"ec","cz",186,258948980
"sk","nz",2348,59822451
"sk","gr",1154,59822451
"ph","lt",803,1335593544
"id","be",602,1522282447
"do","bg",75,107506637
"bo","be",258,121960058
"sg","lu",173,233681017
"sv","au",262,104100002
"sv","se",258,104100002
"ro","global",3694,66480910
"global","de",1870,29060235997
"es","bg",93,2478566814
"cl","ch",172,1569157590
"za","at",2244,82232947
"ro","nl",2128,66480910
"jp","ie",82,1288700883
"ni","dk",215,39326273
"sk","gb",2828,59822451
"se","bg",1780,944441421
"sv","ca",272,104100002
"pa","ar",3250,103847109
"tw","jp",479,235686855
"fi","ar",30,292593197
"ro","cl",53,66480910
"cr","ch",442,169967588
"jp","de",82,1288700883
"th","pe",132,373758083
"es","dk",71,2478566814
"sg","ca",2799,233681017
"gb","at",2665,2239079359
"nz","ca",3963,238911758
"is","do",75,36469203
"nl","fr",1133,1238457931
"ni","bg",274,39326273
"se","dk",1999,944441421
"in","id",1078,1196976949
"za","lt",2930,82232947
"pl","ch",999,778042542
"de","cr",264,2848080355
"no","ni",245,569319503
"ph","it",166,1335593544
"sk","br",165,59822451
"lt","do",110,36780208
"tw","il",600,235686855
"ca","ar",102,1244580639
"no","ee",2757,569319503
"tr","my",166,1249971688
"be","at",3192,303249901
"se","es",86,944441421
"in","at",1038,1196976949
"jp","au",89,1288700883
"py","it",74,286041437
"uy","ro",82,121078533
"nl","hn",311,1238457931
"ni","es",2585,39326273
"ec","br",51,258948980
"do","co",4158,107506637
"it","il",304,2125984974
"global","es",795,29060235997
"za","id",672,82232947
"ee","co",84,26079298
"nz","cr",319,238911758
"jp","fr",82,1288700883
"hu","at",2973,106950270
"sv","lv",286,104100002
"sk","hu",3759,59822451
"lu","be",336,1665635
"my","jp",405,296407407
"global","co",932,29060235997
"nl","de",2047,1238457931
"sg","cr",341,233681017
"pt","pe",513,196362474
"uy","lt",82,121078533
"lt","ch",3487,36780208
"ee","ec",162,26079298
"nz","lv",3259,238911758
"hk","at",816,110866207
"uy","at",107,121078533
"nl","ie",2865,1238457931
"sv","cr",5475,104100002
"pl","do",30,778042542
"ro","es",95,66480910
"pt","global",3225,196362474
"sg","lv",2079,233681017
"co","at",104,553597716
"vn","hk",1445,183269158
"tr","ar",80,1249971688
"no","in",928,569319503
"ro","dk",2361,66480910
"es","cl",3183,2478566814
"py","global",821,286041437
"vn","is",351,183269158
"za","ro",3268,82232947
"jp","hn",59,1288700883
"is","ch",2542,36469203
"uy","id",67,121078533
"nl","au",2800,1238457931
"il","be",2193,114722000
"no","cz",2311,569319503
"bg","be",3317,25808515
"sk","fi",2101,59822451
"se","cl",58,944441421
"my","il",1100,296407407
"ni","cl",4314,39326273
"lv","ar",56,26516393
"ro","bg",4370,66480910
"de","ca",1809,2848080355
"gr","ar",66,160374254
"us","pe",316,7986316247
"nl","lu",244,1238457931
"no","gr",1166,569319503
"se","nl",1799,944441421
"pa","my",131,103847109
"gb","au",4191,2239079359
"tw","hu",707,235686855
"cz","br",179,133732925
"us","sk",2149,7986316247
"il","ec",185,114722000
"il","global",2323,114722000
"ie","hu",3402,301787717
"ph","ca",1366,1335593544
"hu","hn",275,106950270
"pe","dk",191,709049813
"za","lu",201,82232947
"in","ie",1060,1196976949
"my","gb",1755,296407407
"lt","cz",3152,36780208
"jp","id",329,1288700883
"hn","es",2770,80897137
"uy","hn",3267,121078533
"uy","sv",3517,121078533
"il","co",100,114722000
"pe","bg",240,709049813
"pl","pa",66,778042542
"my","global",2553,296407407
"lt","gr",1451,36780208
"ca","bo",229,1244580639
"pt","bg",2690,196362474
"mx","dk",414,3730515231
"is","in",854,36469203
"it","hu",522,2125984974
"us","es",149,7986316247
"py","ca",49,286041437
"pt","dk",1879,196362474
"mx","bg",421,3730515231
"za","au",3449,82232947
"za","se",1750,82232947
"in","de",804,1196976949
"pl","ee",972,778042542
"gb","de",1958,2239079359
"id","cl",55,1522282447
"lt","in",1130,36780208
"us","dk",2114,7986316247
"pt","es",352,196362474
"sv","it",179,104100002
"pa","bo",4381,103847109
"za","ie",2897,82232947
"my","br",181,296407407
"ro","pe",288,66480910
"it","fi",482,2125984974
"is","gr",1207,36469203
"fr","br",72,1747249125
"nz","it",405,238911758
"us","bg",3072,7986316247
"sg","ph",3217,233681017
"mx","es",2522,3730515231
"tw","fi",528,235686855
"pl","ni",137,778042542
"th","nl",255,373758083
"is","cz",2057,36469203
"jp","at",86,1288700883
"hn","dk",245,80897137
"ch","ca",3317,227284570
"no","ch",2953,569319503
"tr","pl",199,1249971688
"gt","cr",5580,211651568
"ie","fi",2109,301787717
"hu","fr",1195,106950270
"sv","ph",118,104100002
"lu","ec",15,1665635
"za","py",49,82232947
"ee","be",3479,26079298
"fi","bo",179,292593197
"hk","fr",377,110866207
"hn","bg",270,80897137
"uy","fr",184,121078533
"sg","it",318,233681017
"tr","mx",97,1249971688
"be","au",3776,303249901
"pe","es",2918,709049813
"lu","co",12,1665635
"in","au",1359,1196976949
"za","de",1607,82232947
"do","be",114,107506637
"id","bg",509,1522282447
"th","dk",252,373758083
"py","cr",4717,286041437
"bo","bg",222,121960058
"co","au",100,553597716
"sv","sg",287,104100002
"za","hn",274,82232947
"za","sv",271,82232947
"tw","gb",811,235686855
"hk","au",1521,110866207
"us","nl",1771,7986316247
"uy","au",84,121078533
"uy","se",78,121078533
"nl","id",492,1238457931
"ph","lv",808,1335593544
"se","pe",206,944441421
"ie","gb",4964,301787717
"in","fr",715,1196976949
"id","dk",404,1522282447
"it","gb",500,2125984974
"th","bg",309,373758083
"py","lv",47,286041437
"us","cl",114,7986316247
"sg","global",3319,233681017
"uy","lu",8,121078533
"au","ar",74,1266252167
"il","gt",202,114722000
"sk","jp",91,59822451
"lv","bo",230,26516393
"th","sk",242,373758083
"is","ee",2699,36469203
"sk","il",1935,59822451
"in","hn",201,1196976949
"gr","bo",157,160374254
"lt","ee",3769,36780208
"my","hu",1491,296407407
"pl","in",300,778042542
"hn","cl",4688,80897137
"no","do",75,569319503
"hu","au",3388,106950270
"ph","cr",155,1335593544
"pl","cz",976,778042542
"tw","br",125,235686855
"id","es",62,1522282447
"hk","de",657,110866207
"nl","lt",2466,1238457931
"pt","cl",340,196362474
"uy","de",76,121078533
"ie","br",176,301787717
"pe","nl",260,709049813
"pa","mx",4041,103847109
"za","fr",1095,82232947
"my","fi",1033,296407407
"pl","nz",707,778042542
"pl","gr",475,778042542
"gb","fr",1160,2239079359
"it","br",45,2125984974
"fr","fi",1030,1747249125
"pt","nl",1889,196362474
"uy","ie",76,121078533
"nl","at",2448,1238457931
"tr","bo",81,1249971688
"gt","ca",205,211651568
"pe","cl",4332,709049813
"th","es",4,373758083
"us","global",3828,7986316247
"uy","py",4047,121078533
"hu","de",2142,106950270
"mx","cl",3860,3730515231
"lu","gt",19,1665635
"pl","be",1034,778042542
"vn","uy",74,183269158
"ro","hu",3766,66480910
"th","il",221,373758083
"tr","lt",346,1249971688
"ni","br",49,39326273
"hu","ar",103,106950270
"lv","id",561,26516393
"es","br",40,2478566814
"nl","bo",251,1238457931
"co","ar",3313,553597716
"tr","at",386,1249971688
"sk","es",85,59822451
"hk","ar",102,110866207
"dk","cr",281,420215977
"uy","ar",5679,121078533
"vn","ca",663,183269158
"se","br",113,944441421
"lu","do",13,1665635
"ro","fi",2255,66480910
"ec","bg",187,258948980
"mx","global",1340,3730515231
"do","cz",70,107506637
"cl","be",108,1569157590
"ni","gb",241,39326273
"tr","id",114,1249971688
"sk","dk",2311,59822451
"lv","lt",4199,26516393
"il","do",70,114722000
"ec","dk",157,258948980
"lv","at",2807,26516393
"za","my",1645,82232947
"tw","pe",204,235686855
"cr","be",375,169967588
"gr","at",1041,160374254
"th","jp",263,373758083
"no","gt",201,569319503
"sk","bg",2851,59822451
"se","gb",2126,944441421
"ro","gb",3205,66480910
"is","be",2460,36469203
"dk","ca",2766,420215977
"il","ch",2123,114722000
"vn","cr",165,183269158
"ec","cl",4664,258948980
"mx","il",449,3730515231
"sk","nl",2441,59822451
"sk","global",2955,59822451
"pa","at",137,103847109
"ee","cz",2876,26079298
"gb","ar",93,2239079359
"pt","il",1926,196362474
"sg","hk",2657,233681017
"vn","lv",490,183269158
"fi","at",2177,292593197
"global","cz",3184,29060235997
"nz","hk",1427,238911758
"us","jp",95,7986316247
"nl","mx",405,1238457931
"sk","cl",58,59822451
"se","fi",1812,944441421
"pa","lt",170,103847109
"ro","br",165,66480910
"nz","is",2529,238911758
"uy","my",94,121078533
"pt","jp",84,196362474
"vn","tr",73,183269158
"ni","hu",267,39326273
"jp","bo",63,1288700883
"ni","fi",216,39326273
"sv","hk",226,104100002
"pe","il",220,709049813
"za","ar",103,82232947
"tr","ro",350,1249971688
"se","hu",1976,944441421
"mx","jp",52,3730515231
"sv","is",245,104100002
"ca","at",2651,1244580639
"us","il",1676,7986316247
"sg","is",1736,233681017
"no","ec",183,569319503
"be","ar",144,303249901
"lu","ch",361,1665635
"in","ar",3,1196976949
"lt","be",3664,36780208
"no","co",99,569319503
"pa","id",97,103847109
"pe","jp",127,709049813
"gr","de",772,160374254
"lt","co",141,36780208
"tw","nl",756,235686855
"th","fi",199,373758083
"it","cl",80,2125984974
"us","gb",3330,7986316247
"il","cz",2091,114722000
"no","be",3021,569319503
"pa","hn",4762,103847109
"pe","br",69,709049813
"my","es",80,296407407
"fr","es",172,1747249125
"global","fi",2220,29060235997
"hn","gb",268,80897137
"tr","se",230,1249971688
"tr","au",302,1249971688
"mx","br",65,3730515231
"lv","de",2033,26516393
"lt","ec",226,36780208
"id","fi",350,1522282447
"ee","ch",3246,26079298
"cz","bg",2926,133732925
"tr","lu",28,1249971688
"lv","ie",3571,26516393
"tw","cl",58,235686855
"ro","jp",152,66480910
"global","ch",3592,29060235997
"au","at",2693,1266252167
"pt","br",888,196362474
"il","gr",1122,114722000
"ie","cl",57,301787717
"lu","in",102,1665635
"my","bg",1450,296407407
"gr","au",1188,160374254
"fr","bg",1213,1747249125
"us","br",125,7986316247
"hu","bo",215,106950270
"pe","gb",222,709049813
"ro","il",2222,66480910
"th","hu",266,373758083
"is","ec",174,36469203
"hn","br",43,80897137
"uy","tw",91,121078533
"tr","de",320,1249971688
"mx","gb",421,3730515231
"pa","fr",252,103847109
"lv","au",3722,26516393
"lu","cz",269,1665635
"za","mx",453,82232947
"id","hu",507,1522282447
"tw","global",1263,235686855
"pl","gt",136,778042542
"is","co",92,36469203
"pt","gb",2525,196362474
"co","bo",4893,553597716
"nl","ar",121,1238457931
"vn","ph",1517,183269158
"tr","py",49,1249971688
"za","pl",712,82232947
"my","dk",1283,296407407
"hk","bo",182,110866207
"fr","dk",1051,1747249125
"uy","bo",4174,121078533
"vn","it",150,183269158
"tr","ie",282,1249971688
"lv","lu",345,26516393
"lu","gr",73,1665635
"fi","au",2134,292593197
"cr","co",4954,169967588
"my","cl",58,296407407
"lt","gt",240,36780208
"fr","cl",173,1747249125
"th","br",25,373758083
"nl","my",1434,1238457931
"ni","il",250,39326273
"ph","hk",1696,1335593544
"pe","fi",181,709049813
"pa","lu",14,103847109
"in","bo",181,1196976949
"tw","sk",629,235686855
"it","es",91,2125984974
"us","hu",2513,7986316247
"il","ee",1980,114722000
"mx","fi",384,3730515231
"tw","es",65,235686855
"gr","fr",613,160374254
"id","br",79,1522282447
"vn","sg",1924,183269158
"tr","sv",67,1249971688
"tr","hn",65,1249971688
"ie","es",83,301787717
"se","il",1201,944441421
"py","hk",49,286041437
"pt","fi",1595,196362474
"pa","au",134,103847109
"lv","fr",1216,26516393
"fi","de",1723,292593197
"pl","no",931,778042542
"ee","do",73,26079298
"th","gb",282,373758083
"it","bg",513,2125984974
"us","fi",1726,7986316247
"py","is",46,286041437
"se","jp",81,944441421
"mx","hu",482,3730515231
"pa","ie",134,103847109
"lu","ee",286,1665635
"za","bo",216,82232947
"do","ch",151,107506637
"pl","ec",128,778042542
"tw","dk",763,235686855
"hn","fi",235,80897137
"at","ar",102,191352492
"uy","pl",45,121078533
"ie","dk",2871,301787717
"pe","hu",231,709049813
"id","gb",553,1522282447
"ca","au",4460,1244580639
"it","dk",444,2125984974
"cz","cl",58,133732925
"pt","hu",2629,196362474
"ni","jp",71,39326273
"lv","hn",287,26516393
"tw","bg",684,235686855
"pl","co",45,778042542
"gb","bo",207,2239079359
"is","gt",190,36469203
"uy","mx",3226,121078533
"tr","fr",213,1249971688
"sk","pe",224,59822451
"ie","bg",2840,301787717
"ph","is",690,1335593544
"pa","de",141,103847109
"za","tw",808,82232947
"cr","bg",332,169967588
"th","cz",241,373758083
"us","pa",241,7986316247
"br","au",202,4201011223
"il","fi",1495,114722000
"mx","ee",462,3730515231
"sk","be",3364,59822451
"pe","ni",4401,709049813
"lv","cr",331,26516393
"lu","hu",322,1665635
"id","cz",564,1522282447
"ro","do",109,66480910
"pl","es",75,778042542
"es","ch",193,2478566814
"py","bo",4836,286041437
"pt","ee",2346,196362474
"vn","ro",489,183269158
"cl","bg",56,1569157590
"za","is",2377,82232947
"is","cl",50,36469203
"th","gr",66,373758083
"th","nz",473,373758083
"pt","ni",548,196362474
"ec","be",234,258948980
"se","ch",2116,944441421
"gr","cr",225,160374254
"id","gr",221,1522282447
"hn","global",1105,80897137
"ni","ch",371,39326273
"ph","bo",76,1335593544
"pe","ee",204,709049813
"in","hk",954,1196976949
"tw","no",732,235686855
"lt","cl",55,36780208
"my","gt",207,296407407
"it","co",90,2125984974
"nz","global",3925,238911758
"us","ni",336,7986316247
"ch","bo",331,227284570
"hn","ee",253,80897137
"tr","cr",135,1249971688
"pe","pa",4304,709049813
"tw","ec",98,235686855
"pl","dk",812,778042542
"dk","at",2360,420215977
"us","ee",2677,7986316247
"il","hu",2343,114722000
"ie","ec",182,301787717
"sv","ar",3248,104100002
"pa","ca",134,103847109
"lu","fi",191,1665635
"za","hk",1363,82232947
"fi","ca",2175,292593197
"it","ec",148,2125984974
"th","in",592,373758083
"sg","ar",103,233681017
"tr","lv",343,1249971688
"pl","bg",875,778042542
"tw","co",107,235686855
"nz","ar",76,238911758
"pt","pa",438,196362474
"ie","co",100,301787717
"lv","global",3917,26516393
"pl","nl",869,778042542
"lt","bg",3627,36780208
"th","ni",127,373758083
"nz","my",2180,238911758
"pt","nz",2613,196362474
"pt","gr",1175,196362474
"uy","is",67,121078533
"il","br",206,114722000
"ph","mx",177,1335593544
"pe","cz",229,709049813
"th","ee",250,373758083
"py","pl",35,286041437
"sg","my",4784,233681017
"vn","id",1494,183269158
"mx","cz",460,3730515231
"lu","gb",317,1665635
"de","ar",70,2848080355
"lt","dk",2576,36780208
"gr","ca",1388,160374254
"is","es",84,36469203
"us","in",1027,7986316247
"cz","co",106,133732925
"sv","my",285,104100002
"mx","gr",268,3730515231
"id","ee",463,1522282447
"tw","pt",483,235686855
"pl","cl",39,778042542
"py","mx",3962,286041437
"pt","cz",2293,196362474
"pe","gr",136,709049813
"pe","nz",219,709049813
"lv","ca",3878,26516393
"cr","cl",4521,169967588
"my","co",118,296407407
"ro","ch",3461,66480910
"th","pa",73,373758083
"fr","co",190,1747249125
"it","gt",148,2125984974
"es","do",3016,2478566814
"us","cz",2053,7986316247
"il","gb",1861,114722000
"pa","lv",154,103847109
"fi","cr",286,292593197
"lt","es",87,36780208
"is","dk",2436,36469203
"hn","cz",276,80897137
"pt","in",1212,196362474
"vn","lt",526,183269158
"se","do",74,944441421
"hu","hk",1219,106950270
"lu","br",8,1665635
"my","ec",196,296407407
"fr","ec",286,1747249125
"hn","gr",166,80897137
"vn","at",314,183269158
"pa","cr",4787,103847109
"pe","in",223,709049813
"jp","hk",344,1288700883
"us","th",366,7986316247
"ni","ee",250,39326273
"sv","bo",5017,104100002
"pe","ch",340,709049813
"pa","it",143,103847109
"tw","gt",131,235686855
"is","bg",2438,36469203
"us","gr",1258,7986316247
"us","nz",3273,7986316247
"uy","hk",106,121078533
"tr","ca",346,1249971688
"ni","do",4459,39326273
"ie","gt",200,301787717
"gt","bo",5168,211651568
"mx","in",258,3730515231
"global","ee",3400,29060235997
"ch","ar",218,227284570
"mx","ch",597,3730515231
"ee","br",143,26079298
"ro","in",1367,66480910
"nz","bo",208,238911758
"dk","de",1867,420215977
"no","es",86,569319503
"se","ee",1926,944441421
"lu","jp",9,1665635
"my","be",1941,296407407
"fr","be",2006,1747249125
"es","ee",75,2478566814
"br","at",134,4201011223
"pt","ch",2779,196362474
"sg","bo",248,233681017
"vn","fr",172,183269158
"sk","pt",2222,59822451
"se","ni",256,944441421
"cz","be",3483,133732925
"hn","ch",363,80897137
"no","dk",2657,569319503
"id","do",38,1522282447
"ro","cz",3154,66480910
"global","ar",811,29060235997
"us","ch",2484,7986316247
"uy","global",825,121078533
"ph","ar",18,1335593544
"lu","il",128,1665635
"th","do",42,373758083
"dk","au",2779,420215977
"tr","sg",211,1249971688
"vn","hn",158,183269158
"vn","sv",168,183269158
"ro","pa",177,66480910
"tw","be",752,235686855
"th","ch",245,373758083
"global","bo",1076,29060235997
"py","my",49,286041437
"sg","pl",631,233681017
"no","nl",2374,569319503
"ie","be",3574,301787717
"se","nz",1929,944441421
"se","gr",771,944441421
"ro","gr",1596,66480910
"ro","nz",2809,66480910
"jp","is",84,1288700883
"py","ar",3808,286041437
"no","bg",2473,569319503
"se","pa",130,944441421
"sk","gt",203,59822451
"ni","cz",267,39326273
"vn","de",251,183269158
"sv","mx",5028,104100002
"za","global",3592,82232947
"id","ch",476,1522282447
"es","cz",85,2478566814
"us","do",188,7986316247
"sg","mx",450,233681017
"ni","gr",140,39326273
"tr","it",158,1249971688
"vn","ie",545,183269158
"gt","ar",3280,211651568
"it","be",606,2125984974
"nz","mx",395,238911758
"hn","do",4969,80897137
"nl","hk",1099,1238457931
"tr","ph",63,1249971688
"vn","py",46,183269158
"no","cl",58,569319503
"ph","my",3285,1335593544
"sv","pl",167,104100002
"se","cz",1787,944441421
"ro","ni",317,66480910
"nl","is",1930,1238457931
"ec","co",5268,258948980
"sk","no",2322,59822451
"ro","ee",3426,66480910
"do","br",25,107506637
"pt","do",325,196362474
"vn","au",712,183269158
"vn","se",273,183269158
"se","in",737,944441421
"sk","ec",182,59822451
"vn","lu",28,183269158
"lv","it",545,26516393
"pe","do",3819,709049813
"de","bo",167,2848080355
"pl","pe",131,778042542
"ni","in",193,39326273
"sk","co",105,59822451
"mx","do",3781,3730515231
